INDEX,UNIQUE JOBS,Raw Material,Requires Vehicle,Requires Recipe,IS_CRIMINAL,Is Activity
1,Bring a Crate of 5 Bank Bonds to two stops.,,,,,
2,Bring 10 boiled potatoes to the Valentine church.,,,,,
3,Bring crates of 5 Bank Bonds to three stops.,,,,,
4,Help Drive 3 Bovine to Hanging Dog Ranch.,,,,,
5,Help drive 3 Bovine to McFarlane Ranch.,,,,,
6,10 Chopped Wood in Crates needed at Four locations starting at Manteca Falls.,,,,,
7,Bring 2 Ram Carcasses to Colter,,,,,
8,10 Units of Chopped Wood needed at Fort Wallace posthaste!,,,,,
9,Deliver 3 Rats to the Bridge,,,,,
10,Help Drive 3 Cattle to Emerald Ranch,,,,,
11,4 Customers are requesting delivery of Small Logs,,,,,
12,Deliver 2 Gold Bars in crates to 4 locations.,,,,,
13,Deliver 3 Scalloped Potatoes to Hotbox 2,,,,,
14,Deliver 3 Gold Bars to the Gaptooth Moonshine Still,,,,,
15,Deliver 3 Gold Bars in crates to 3 locations.,,,,,
16,Bring 5 Pheasant Carcasses to the Valentine Butcher,,,,,
17,Help Drive 3 Cattle to Beecher's Hope,,,,,
18,Bring 3 Cups of Hot Chocolate to the Armadillo Medical Office,,,,,
19,Deliver 5 Tarnished Rings to the Bridge,,,,,
20,Haul 20 Units of Coal to Armadillo,,,,,
21,Deliver 10 Corn On The Cob to the Armadillo General Store,,,,,
22,Deliver Crates of 10 Chopped Wood each to 3 locations throughout New Austin.,,,,,
23,Deliver fine northern Small Logs to Four customers between Ambarino and Blackwater,,,,,
24,Seven customers in the East are awaiting delivery of Small Logs.,,,,,
25,Strawberry to Benedict Point. Make Six deliveries of Small Logs,,,,,
26,4 Deliveries of Small Logs needed in the New Austin area,,,,,
27,Drop off crates with 7 gold bars each to four customers.,,,,,
28,Bring Crates of 5 Bank Bonds to three stops.,,,,,
29,Deliver 2 Gold Bars in crates to 3 locations,,,,,
30,Drop off a crate containing 4 Gold Bars at 4 locations.,,,,,
31,Deliver 2 crated Gold Bars to two locations.,,,,,
32,Drop off crates containing 8 Gold Bars at 4 locations,,,,,
33,Bring 2 Turkey Carcasses to the butcher in Strawberry,,,,,
34,Bring 2 Turkey Carcasses to the butcher in Valentine,,,,,
35,Bring 3 Iguana Carcasses to Thieves Landing,,,,,
36,Drive 3 Cattle to Pronghorn Ranch.,,,,,
37,Help drive 3 Bovine to Carmody Dell,,,,,
38,Help Drive 3 Cattle to the Scratching Post,,,,,
39,Help Drive 3 Cattle to Ridgewood Farm.,,,,,
40,Bring 6 Lassos to the Treehouse,,,,,
41,Drop off Crates of 10 Oranges at 9 customers from east to west,,,,,
42,Deliver 5 crated Moonshine to 2 places.,,,,,
43,Bring 8 servings of Wojabi Berry Sauce to the Bastille in Saint Denis,,,,,
44,15 units of Chopped Wood in Crates to be delivered to Five locations from Valentine to Saint Denis.,,,,,
45,Deliver 2 Gold Bars in crates to 2 locations.,,,,,
46,Drop off a crate containing 8 gold bars in four locations,,,,,
47,"Deliver 15 crated Moonshine to 5 customers, quick as lightning!",,,,,
48,Deliver 15 Crated Bottles of Milk to 4 customers from Armadillo to Strawberry,,,,,
49,Crates of 15 Oranges each needed for 3 customers heading west,,,,,
50,Crates of 25 Oranges each needed for 3 customers between New Hanover and West Elizabeth,,,,,
51,Deliver 10 Chicken Tacos to Armadillo,,,,,
52,Deliver 10 Churros to Armadillo,,,,,
53,Planks to be delivered to 3 locations,,,,,
54,Deliver 2 Gold Bars in a crate to 3 locations.,,,,,
55,Deliver 2 Gold Bars in a crate to 4 locations.,,,,,
56,Deliver 20 Bottles of Milk to the Armadillo General Store,,,,,
57,Deliver 3 Gold Bars to Gaptooth,,,,,
58,Deliver Planks to Van Horn and Saint Denis,,,,,
59,Deliver 8 Gold Bars in crates to 2 locations.,,,,,
60,Bring Crates of 20 Bank Bonds to three stops.,,,,,
61,Crates of 20 Oranges each needed for 4 customers between New Hanover and West Elizabeth,,,,,
62,Bring 20 Bottles of Milk to the Caf�� Balzac in St.Denis,,,,,
63,Bring 3 Cups of Hot Chocolate to the Rhodes Medical Office,,,,,
64,Deliver 3 Gold Bars in crates to 2 locations,,,,,
65,Drop off crates containing 3 Gold Bars at 2 different locations,,,,,
66,Bring crates containing 20 Bank Bonds to four destinations,,,,,
67,Bring 10 Rabbit Carcasses to the butcher in Saint Denis,,,,,
68,Crates of 20 Oranges each needed for 4 customers in Roanoke,,,,,
69,Deliver 25 Wood Shavings to the Van Horn Fishmonger,,,,,
70,5 Wedges of Cheese Needed at Blackwater General Store,,,,,
71,Deliver 5 bottles of Moonshine to the Rhodes Parlour House,,,,,
72,Deliver Planks to Adler and Pronghorn Ranches,,,,,
73,Deliver 3 Gold Bars in crates to Cairn Lake and Adler Ranch,,,,,
74,Bring 2 Pheasant Carcasses to the Butcher in Saint Denis,,,,,
75,Bring 2 Turkey Carcasses to the butcher in Rhodes,,,,,
76,Bring 2 Turkey Carcasses to the butcher in Blackwater,,,,,
77,Deliver 20 Crated Oranges to 4 locations,,,,,
78,Deliver Ice Blocks to 6 customers,,,,,
79,Deliver Small Logs to 5 Customers,,,,,
80,Bring 3 Gizzards to the General Store in Valentine,,,,,
81,Bring 3 Gizzards to the Blackwater Saloon,,,,,
82,Bring 5 Boiled Potatoes to the Haberdashery in Colter,,,,,
83,Bring 5 Boiled Potatoes to the General Store in Tumbleweed,,,,,
84,Bring 6 Cooked Poultry with Oregano to the church in Rhodes,,,,,
85,Bring 6 Cooked Poultry with Oregano to Owanjila,,,,,
86,Bring 6 Cooked Poultry with Oregano to Benedict Point,,,,,
87,Bring 8 Corn on the Cob to Doyle's Tavern in Saint Denis,,,,,
88,Bring 8 Corn on the Cob to the church in Saint Denis,,,,,
89,Bring 3 Gift Boxes to Beecher's Hope near Blackwater,,,,,
90,Bring 3 Leather Strips to the Strawberry Lodge,,,,,
91,Bring a Jewelry Box to a House Near Valentine,,,,,
92,Bring 15 Gold Pebbles to the Watchmaker in St.Denis,,,,,
93,5 customers await delivery of Logs,,,,,
94,Delivery Small Logs to 5 eager customers.,,,,,
95,Deliver Ice Blocks to four destinations. Final stop Blackwater,,,,,
96,Bring 1 Cut Onyx to the Fort to be shipped to a mysterious buyer,,,,,
97,Four customers across Roanoke & Cumberland are expecting Small Logs,,,,,
98,40 Units of Chopped Wood in Crates to be delivered to 2 locations in the Northeast.,,,,,
99,Deliver 5 Potato Soups to the Mess Hall,,,,,
100,Deliver 5 Bank Bonds to the Sea of Coronado,,,,,
101,Deliver Ice Blocks to four businesses and homes across Saint's Crossing,,,,,
102,Deliver Planks to 4 customers.,,,,,
103,Deliver 20 Oranges in crates to Caliga Hall and Valentine Saloon,,,,,
104,Flatneck to the Bayou. Six deliveries of Small Logs needed.,,,,,
105,Bring Crates of 5 Bank Bonds to three stops,,,,,
106,Bring 2 Ringneck Pheasant Carcasses to the butcher in Wapiti Village,,,,,
107,Drop off crates of 15 Oranges at 5 customers,,,,,
108,Deliver 20 units of Coal to Riggs Station,,,,,
109,Bring Crates of 5 Bank Bonds to four stops.,,,,,
110,Bring Crates of 15 Bank Bonds to four stops.,,,,,
111,Deliver Small Logs to 6 customers. Last stop Tumbleweed.,,,,,
112,Bring 3 Gift Boxes to the Mayor's Manor in St.Denis,,,,,
113,Bring 10 servings of French Bread to the Saint Denis Soup Kitchen,,,,,
114,Drop 5 Rats 'round back of the Barber,,,,,
115,Deliver 1 Gold Bar to the ship at Thieves Landing,,,,,
116,Bring 2 Armadillo Carcasses to the Blackwater Butcher,,,,,
117,5 Hearty Bowls of Potato Soup to be brought to the Valentine Church,,,,,
118,5 Bundles of Brownies to be delivered to the Valentine Church,,,,,
119,Deliver 3 Gold Bars to the Abandoned Mansion near Van Horn,,,,,
120,Deliver a Small Log to Pronghorn Ranch and the Strawberry Workshop,,,,,
121,"Deliver Planks to the Village of Wapiti, Grizzlies Watchtower, and Fort Brennand.",,,,,
122,Deliver Ice Blocks to four destinations. Final stop Caliga Hall,,,,,
123,Deliver 10 Bottles of Milk to 4 Customers from Armadillo to Blackwater,,,,,
124,Deliver Ice Blocks to six destinations. Final stop Manzinata Post,,,,,
125,Bring 2 Turkey Carcasses to the butcher in Saint Denis,,,,,
126,Bring 3 Gizzards to the Welcome Center in Strawberry,,,,,
127,Bring 8 Servings of Wojabi Berry Sauce to Doyle's Tavern in Saint Denis,,,,,
128,Bring 8 servings of Wojabi Berry Sauce to the camp in Rhodes,,,,,
129,Bring 5 Boiled Potatoes to the Taxidermy House in Strawberry,,,,,
130,Bring 5 Boiled Potatoes to the Caravan near Blackwater,,,,,
131,Bring 2 Berry Pies to the Welcome Center in Strawberry,,,,,
132,Bring 8 Corn on the Cob to the Haberdashery in Colter,,,,,
133,Bring 8 Corn on the Cob to Armadillo,,,,,
134,Bring 8 Corn on the Cob to the General Store in Tumbleweed,,,,,
135,Bring 3 Gift Boxes to a Small Cabin Near Owanjila,,,,,
136,Deliver 10 Units of Coal to the Armadillo Sheriff's Office,,,,,
137,Bring 3 Gift Boxes to the Cabin near Del Lobo Rock,,,,,
138,Bring 2 Pieces of Junk to a House in St.Denis,,,,,
139,Bring 5 Mint Chocolate Candies to a Cabin in Big Valley,,,,,
140,Bring 3 Cups of Hot Chocolate to the Strawberry Medical Office,,,,,
141,Deliver Ice Blocks to three businesses and homes across Saint's Crossing,,,,,
142,Bring 1 Rat to the Bridgehouse to prove you cleared them,,,,,
143,Deliver Ice Blocks to four destinations. Final stop Tumbleweed,,,,,
144,Help Drive 3 Cattle from Carmody Dell to Hill Haven.,,,,,
145,3 Deliveries of Small Logs needed in the New Hanover area,,,,,
146,Bring a Diamond to the Warden's Office,,,,,
147,Deliver 50 gatherings of Dirt and Pebbles to Armadillo,,,,,
148,Help Drive 3 Cattle to Pleasance Homestead,,,,,
149,Deliver Crates of 10 Oranges Each to Van Horn and Annesburg,,,,,
150,Bring 3 Gift Boxes to the Wheat Farm near Emerald Ranch,,,,,
151,Deliver 1 Scalloped Potato to the Mess Hall,,,,,
152,Deliver 5 Bank Bonds to the Annesburg Freight Dropoff,,,,,
153,Deliver 2 Gold Bars to mansion near Van Horn,,,,,
154,Haul Ice Blocks to four stops ending in Van Horn,,,,,
155,10 Milk Bottles in crates needed at 2 locations to the south.,,,,,
156,Bring Crates of 25 Bank Bonds to three stops.,,,,,
157,5 Customers requesting crates of 15 oranges each.,,,,,
158,Deliver 30 pieces of Chopped Wood to Armadillo,,,,,
159,Six locations in need of 10 Crated Chopped Wood each. ,,,,,
160,"20 Units of Chopped Wood, securely Crated, to be delivered to Five customers due south.",,,,,
161,Deliver Ice Blocks to four destinations. Final stop Pronghorn Ranch,,,,,
162,8 Drop-Offs of 10 Bottles of Milk in Crates,,,,,
163,Deliver Ice Blocks to the train stations at Valentine and Emerald Ranch,,,,,
164,Deliver Ice Blocks to 5 customers from Armadillo to Van Horn,,,,,
165,Deliver Planks to 3 customers in the East,,,,,
166,"Deliver Small Logs to Hanging Dog, Valentine, Cornwall Kerosene & Tar, and Emerald Ranch",,,,,
167,Bring 2 Adult Gator Carcasses to the butcher in Saint Denis,,,,,
168,Help Drive 3 Cattle to Downe's Ranch,,,,,
169,Bring 8 servings of Wojabi Berry Sauce to Smithfield's Saloon in Valentine,,,,,
170,Bring 8 servings of Wojabi Berry Sauce to the General Store in Strawberry,,,,,
171,Bring 8 servings of Wojabi Berry Sauce to the Colter Haberdashery,,,,,
172,Bring 8 servings of Wojabi Berry Sauce to the Saloon in Tumbleweed,,,,,
173,Bring 5 Boiled Potatoes to the Jade Dragon in Saint Denis,,,,,
174,Bring 6 Cooked Poultry with Oregano to the campsite in Roanoake,,,,,
175,Bring 6 Cooked Poultry with Oregano to the market in Saint Denis,,,,,
176,Bring 6 Cooked Poultry with Oregano to Keane's Saloon in Valentine,,,,,
177,Bring 6 Cooked Poultry with Oregano to Adler Ranch,,,,,
178,Bring 6 Cooked Poultry with Oregano to Manzanita Post,,,,,
179,Bring 2 Berry Pies to the General Store in Saint Denis,,,,,
180,Bring 2 Berry Pies to the General Store in Valentine,,,,,
181,Bring 8 Corn on the Cob to Keane's Saloon in Valentine,,,,,
182,Bring 3 Gift Boxes to the Braithewaite Manor near Rhodes,,,,,
183,Deliver 10 Units of Coal to the Strawberry Sheriff's Office,,,,,
184,Bring 15 Sections of Sugar Cane to the Tree in Rhodes,,,,,
185,Deliver 5 Bowls of Fish Stew to the Saint Denis Soup Kitchen,,,,,
186,Deliver 2 Gold Bars to Cattail Pond,,,,,
187,Deliver Ice Blocks to 3 customers,,,,,
188,Deliver Crates of 10 Bottles of Milk each to Eight customers,,,,,
189,Deliver 2 Gold Bars to the Van Horn Depot,,,,,
190,Bring 4 Cat Carasses to the butcher in Saint Denis,,,,,
191,Transport Ice Blocks to four businesses and homes across Saint's Crossing,,,,,
192,4 Milk Lovers are Requesting a Crate of 10 Milk Each,,,,,
193,Deliver 30 units of Raw Fluorite to the Valentine freight depot.,,,,,
194,Drop off Crates of 20 Oranges to four customers in Blackwater and west,,,,,
195,Deliver Crates of 5 Bottles of Milk each to 4 customers,,,,,
196,Deliver 40 units of Raw Fluorite to Annesburg docks.,,,,,
197,Bring 3 Adult Gator Carcasses to the butcher in Saint Denis,,,,,
198,Deliver crates of 10 oranges each to 8 customers from Saint Denis to Big Valley,,,,,
199,Deliver 2 Gold Bars to the Tumbleweed General Store,,,,,
200,Deliver 6 pieces of Chopped Wood to the Colter Freight Depot,,,,,
201,Deliver Ice Blocks to Three businesses and homes across Saint's Crossing,,,,,
202,Deliver 20 units of Coal to Bacchus Station,,,,,
203,Deliver 20 units of Coal to Benedict Point,,,,,
204,Deliver 15 Bottles of Milk in Crates to Lake Don Julio and Tumbleweed,,,,,
205,Deliver Ice Blocks to four destinations across the Crossing.,,,,,
206,Deliver Crates of 10 Bottles of Milk each to 4 customers in New Austin,,,,,
207,Bring Crates of 10 Bank Bonds to two stops,,,,,
208,Bring 2 Boar Carcasses to the butcher in Rhodes,,,,,
209,Deliver 10 pieces of Chopped Wood to Adler Ranch northeast of Colter,,,,,
210,Deliver 3 servings of Wild One Punch to the Bastille in Saint Denis,,,,,
211,Deliver 6 Chopped Wood to Bacchus Station,,,,,
212,Deliver 1 Gold Bar to a Basement near Benedict Point,,,,,
213,Deliver Ice Blocks to 4 stops. Final stop Wapiti Village,,,,,
214,Crates containing 15 bottles to be delivered to 6 stops along route.,,,,,
215,Deliver Crates of 10 Coal each to 4 locations from New Elizabeth to the Ridge,,,,,
216,Deliver Ice Blocks to five destinations. Final stop Manzinata Post,,,,,
217,Deliver crates containing 15 Milk Bottles to three destinations.,,,,,
218,Bring crates of 5 Bank Bonds to three stops,,,,,
219,Deliver 10 Vials of Blood to the Witch's Hut ,,,,,
220,Bring 3 Pronghorn Carcasses to the Blackwater Butcher,,,,,
221,Help Drive 3 Cattle to MacLean's Ranch,,,,,
222,Logs are needed in the West. Deliver to 5 locations with haste.,,,,,
223,Bring 3 Gizzards to Emerald Ranch,,,,,
224,Bring 3 Gizzards to the Soup Kitchen in Saint Denis,,,,,
225,Bring 3 Gizzards to the Parlour House in Rhodes,,,,,
226,Bring 8 servings of Wojabi Berry Sauce to Armadillo,,,,,
227,Bring 5 Boiled Potatoes to the campsite in Valentine,,,,,
228,Bring 2 Berry Pies to the Blackwater Saloon,,,,,
229,Bring 8 Corn on the Cob to the General Store in Blackwater,,,,,
230,Bring 3 Gift Boxes to the Ranch House in Cholla Springs,,,,,
231,Deliver 10 Units of Coal to the St.Denis Police Station,,,,,
232,Deliver 20 units of Coal to Wallace Station,,,,,
233,2 Customers are in need of rapid delivery of planks.,,,,,
234,Travel north towards Colter and make Four drop-offs of Small Logs,,,,,
235,Deliver crates containing 15 Milk Bottles to four destinations.,,,,,
236,Deliver Planks to 4 locations in New Austin,,,,,
237,Drop-off crates containing 20 Oranges to 4 customer. Final stop Colter.,,,,,
238,Deliver 20 Crated Oranges to 3 customers in the Southeast,,,,,
239,Deliver 1 Gold Bar to the Roanoke Train Construction,,,,,
240,Deliver Crates of 15 Chopped Wood each to five locations between Cumberland Forest and the Great Plains,,,,,
241,Requesting Delivery of 5 Crated Bottles Of Milk to 2 Customers,,,,,
242,Deliver 10 Saint's Sinners to the Rhodes Saloon,,,,,
243,Bring 60 Rolled Cigarettes to the Armadillo Train Station,,,,,
244,Deliver 2 Gold Bars to a House in  Lemoyne,,,,,
245,Deliver Blocks of Ice to five customers in the Grizzlies.,,,,,
246,Bring 2 Pieces of Junk to a House Near Blackwater,,,,,
247,Deliver 1 Gold Bar to Dakota Ranch,,,,,
248,Haul Ice Blocks to 4 stops. Final stop Annesburg,,,,,
249,Bring 3 Catahoula Cur Carcasses to the butcher in Armadillo,,,,,
250,"With haste, kindly deliver 30 units of Raw Ammolite to the Annesburg Gunsmith",,,,,
251,Quick Small Log Delivery to Blackwater and MacFarlane's Ranch,,,,,
252,Bring 5 Boiled Potatoes to the School in Armadillo,,,,,
253,Bring 6 Cooked Poultry with Oregano to the Circus near Armadillo,,,,,
254,Bring 2 Berry Pies to the Parlour House in Rhodes,,,,,
255,Bring 2 Berry Pies to the Haberdashery in Colter,,,,,
256,Bring 2 Berry Pies to Armadillo,,,,,
257,6 Customers eagerly awaiting Plank deliveries,,,,,
258,Bring 5 good or perfect Pronghorn Doe Hides to Armadillo Butcher,,,,,
259,Haul 20 units of Coal to Armadillo,,,,,
260,Bring Crates of 15 Bank Bonds to three stops,,,,,
261,Crates of 10 bottles of Moonshine needed at 5 drop points,,,,,
262,5 Customers across New Austin are expecting Plank deliveries. ,,,,,
263,Bring 5 Scalloped Potatoes to the Tower,,,,,
264,Bring 1 Fer-de-lance Snake Carcass to the butcher in Blackwater,,,,,
265,Bring 3 Wild One Punches to the Rhodes Saloon,,,,,
266,Deliver 5 Milk in a Crate to Four Paying Customers,,,,,
267,Deliver 6 Vulture Eggs to the back door of the Blackwater Restaurant,,,,,
268,Deliver crates with 15 bottles of Moonshine to 4 locations,,,,,
269,Deliver 5 Bank Bonds to the camps near the Sea of Coronado,,,,,
270,Deliver 10 Slow Cooked Kebabs to Armadillo,,,,,
271,Deliver 20 Crated Chopped Wood to four separate customers in the Southeast.,,,,,
272,Bring crates of 15 Bank Bonds to three stops.,,,,,
273,Deliver Small Logs to Five (5) customers from West Elizabeth to Lemoyne.,,,,,
274,Deliver 3 Potato Soups to Hotbox 1,,,,,
275,"From the Bayou to Riggs, 5 customers have ordered Small Logs",,,,,
276,Make Ice Block deliveries across the Crossing. Final stop Wapiti Village,,,,,
277,Bring 8 servings of Wojabi Berry Sauce to the General Store in Blackwater,,,,,
278,Bring 5 Boiled Potatoes to the General Store in Rhodes,,,,,
279,Bring 8 Corn on the Cob to the camp in Rhodes,,,,,
280,Deliver Small Logs to 5 destinations.,,,,,
281,Crates of 10 Chopped Wood each to be delivered to 6 customers.,,,,,
282,Deliver Planks to Fort Wallace and Wapiti,,,,,
283,Deliver 15 Vials of Blood to Saint Denis Medical,,,,,
284,Deliver 5 Bank Bonds to the ship at Thieves Landing,,,,,
285,Deliver Ice Blocks to the train stations at Wallace and Flatneck,,,,,
286,Offer 1 Tarnished Ring at the Goat Field,,,,,
287,Deliver 3 glasses of Wild One Punch to the Bastille in Saint Denis,,,,,
288,Please deliver 10 Bottles of the finest Milk to the Adler Ranch in northern Ambarino.,,,,,
289,Drop off a crate with 2 gold bars in Limpany and Rhodes,,,,,
290,5 Generous Slices of Apple Pie needed at the Valentine Church,,,,,
291,Deliver 5 Bank Bonds to Doyles Tavern,,,,,
292,Deliver 2 Cow Carcasses to the Butcher at Thieves' Landing,,,,,
293,Bring 2 Small Alligator Pelts to the butcher in Strawberry,,,,,
294,Deliver 10 pieces of Chopped Wood to Adler Ranch in north Ambarino,,,,,
295,Bring 2 Teeth to Hotbox 2,,,,,
296,Deliver Ice Blocks to 7 homesteads towards Saint Denis,,,,,
297,Transport Ice Blocks to five destinations ending in Annesburg,,,,,
298,Bring 5 Small Gator Carcasses to the butcher in Saint Denis,,,,,
299,Kindly deliver 25 Wood Shavings to the Blackwater Fishmonger,,,,,
300,Bring 7 Bay Bolete Mushrooms to Armadillo Medical,,,,,
301,Offer 1 Gold Chunk at the Obstacle Course,,,,,
302,Deliver 5 Bowls of Wheat Milk to the Saint Denis Soup Kitchen,,,,,
303,Deliver 20 units of Coal to Armadillo Train Station,,,,,
304,Deliver Ice Blocks to four homesteads,,,,,
305,Deliver Planks to 3 customers,,,,,
306,15 Units of Crated Chopped Wood are needed at SIX locations from Strawberry to Wapiti Village,,,,,
307,Deliver Crates of 20 bottles of Moonshine to 3 stops.,,,,,
308,Bring 2 Berry Pies to Annesburg,,,,,
309,Deliver 20 units of Coal to Flatneck Station,,,,,
310,Offer 3 Dead Rats at the Obstacle Course,,,,,
311,Crates of 40 oranges each needed in Valentine and Strawberry,,,,,
312,40 Bandages needed at Fort Wallace posthaste!,,,,,
313,Deliver 10 Flint to the Annesburg Gunsmith,,,,,
314,Kindly deliver 25 Wood Shavings to the Blackwater fishmonger,,,,,
315,Deliver a Crate with 40 Milk to 2 Customers in New Austin,,,,,
316,Deliver 5 Bank Bonds to Annesburg Docks,,,,,
317,Deliver 40 units of Raw Fluorite to Annesburg docks,,,,,
318,Deliver 1 Moose Carcass to the butcher in Valentine,,,,,
319,Bring 10 Texas Bluebonnets to the Roadside Caravan in Roanoke,,,,,
320,Deliver Ice Blocks to 4 businesses and homes across Saint's Crossing,,,,,
321,Deliver Ice Blocks to Four businesses and homes across Saint's Crossing,,,,,
322,Bring 10 Fish Tacos to the Rhodes Church,,,,,
323,Deliver 5 Mystery Tonics to the Laboratory in Roanoke,,,,,
324,Deliver 20 units of Coal to Valentine Station,,,,,
325,8 Locations Requesting Delivery of a Crate with 10 Bottles of Milk,,,,,
326,Deliver crates containing 20 Milk Bottles to four destinations.,,,,,
327,Crates containing 10 Bottles of Milk to be delivered to 6 stops along route.,,,,,
328,Deliver Ice Blocks to the train stations at Macfarlane's Ranch and Armadillo,,,,,
329,Deliver 100 units of Raw Fluorite to Saint Denis,,,,,
330,Deliver 20 pieces of Chopped Wood to the Colter Freight Depot,,,,,
331,Small Logs to be delivered to four locations around Cumberland and Southern Ambarino,,,,,
332,Bring 3 Blue Gill to the Warden's Office,,,,,
333,Deliver 30 units of Raw Ammolite to the Valentine Gunsmith,,,,,
334,Deliver 50 units of Raw Ammolite to the Valentine Gunsmith,,,,,
335,Deliver Ice Blocks to 5 homesteads towards Annesburg,,,,,
336,Deliver 12 Hard Boiled Eggs to the Rhodes Church,,,,,
337,Deliver 20 bags of Flour to Wapiti,,,,,
338,Bring 40 Teeth to the Roanoke Laboratory,,,,,
339,Deliver 10 units of Chopped Wood to Big Valley,,,,,
340,Haul 20 units of Coal to Armadillo.,,,,,
341,Deliver Ice Blocks to Seven locations. Final stop at Braithwaite Manor.,,,,,
342,Deliver Ice Blocks to 10 Customers,,,,,
343,Crates of 10 Chopped Wood each to be delivered to 4 customers.,,,,,
344,4 Drop-Offs of Planks. Heartlands to Blackwater,,,,,
345,Deliver Planks to 3 customers in the southeast.,,,,,
346,Deliver 5 Bank Bonds to the Van Horn Depot,,,,,
347,Deliver 25 crated Moonshine to 2 places.,,,,,
348,6 Drop-Offs from Blackwater to Saint Denis ,,,,,
349,Bring 3 Bison Pelts to the butcher in Saint Denis,,,,,
350,Bring 2 good or perfect Fox Pelts to Armadillo Butcher,,,,,
351,Bring 10 Thyme leaves to the Bayou out in Lakay,,,,,
352,Bring 5 Potato Soups to the Doctor's Office,,,,,
353,Deliver Planks to 6 customers,,,,,
354,Bring 10 Raw Rubies to the back alley dealer in Saint Denis.,,,,,
355,Deliver 20 units of Coal to Macfarlane Station,,,,,
356,Deliver 15 Chopped Wood in Crates to Manzanita Post and Four locations beyond.,,,,,
357,Deliver Ice Blocks to six destinations. Final stop in Armadillo.,,,,,
358,Haul 4 Ice Blocks on route into Saint Denis,,,,,
359,Quick Small Log Delivery to 4 customers.,,,,,
360,Crates of 15 Chopped Wood each needed at multiple locations in Blackwater and westward!,,,,,
361,Deliver crates with 10 bottles of Moonshine to 3 locations,,,,,
362,Deliver 5 Bank Bonds to the Heartland Oil Fields,,,,,
363,Deliver 5 Bank Bonds to the ruins near Benedict Point,,,,,
364,Deliver 1 Gold Bar to the Riggs Camp,,,,,
365,Deliver Ice Blocks to four destinations. Final stop Tumbleweed.,,,,,
366,Deliver 10 glasses of Saint's Sinner to the Rhodes Saloon,,,,,
367,Deliver Ice Blocks to 5 customers in the east,,,,,
368,8 Locations for Plank Delivery. Rhodes to Colter.,,,,,
369,Bring 2 Ram Carcasses to Valentine,,,,,
370,Deliver 10 Saint's Sinners to the Bastille in Saint Denis,,,,,
371,Supply Gaptooth Mine with 5 Torches,,,,,
372,Deliver 20 Bank Bonds to the ship at Thieves Landing,,,,,
373,Deliver 10 Bank Bonds to the ship at Thieves Landing,,,,,
374,Offer 3 Teeth at the Tower,,,,,
375,5 Locations in the northeast require 15 crated Bottles of Milk,,,,,
376,Deliver 10 Chopped Wood in Crates to four customers in the East,,,,,
377,Deliver Planks to 3 customers. -Rhodes/Caliga/Saint Denis-,,,,,
378,Deliver Planks to 3 customers in the southwest,,,,,
379,Deliver 20 Bags of Flour to Wapiti,,,,,
380,Deliver 5 Violet Snowdrops to the Saint Denis Greenhouse,,,,,
381,Deliver 5 Bank Bonds to the Jade Dragon Restaurant Backdoor,,,,,
382,Deliver Planks to 7 customers. -Strawberry to Saint Denis-,,,,,
383,Deliver 10 crated Moonshine to a couple of swamp customers.,,,,,
384,Deliver 5 Strong Carnivore Bait to Manzanita Post,,,,,
385,Crates of 20 Chopped Wood each needed for 6 customers in the Strawberry area down to Rhodes,,,,,
386,Travel to Ridgewood Farm and help out with chores,,,,,
387,Bring 4 good or perfect Deer Hides to Valentine Butcher,,,,,
388,Bring 4 Cut Emeralds to Cairn Lake for trade,,,,,
389,Deliver 10 Prairie Poppies to the Colter Medical Office,,,,,
390,10 Bird Feathers requested at Wapiti Village,,,,,
391,Bring 5 Bowls of Potato Soup to the Saint Denis Soup Kitchen,,,,,
392,Bring 3 Armadillo Carcasses to the Tumbleweed Butcher,,,,,
393,Bring 3 Desert Iguana Carcasses to Blackwater,,,,,
394,Deliver 2 Cow Carcasses to the Butcher in Blackwater,,,,,
395,Bring 3 Armadillo Carcasses to the Armadillo Butcher,,,,,
396,Deliver 10 Black Berries to the Armadillo Medical Tents,,,,,
397,Deliver Planks to 5 customers from East to West.,,,,,
398,Drop off crates with 10 Moonshine to five eagerly waiting customers,,,,,
399,3 Very picky customers requesting Crates of 10 Bottles of Milk,,,,,
400,Bring 5 Wisteria to the Saint Denis Graveyard,,,,,
401,30 Bottles of Milk in Crates to be delivered to Blackwater and Rathskeller Fork.,,,,,
402,Deliver 10 Old Fashioned's to the Bastille in Saint Denis,,,,,
403,Bring 20 Pieces of Junk to the Laboratory in Roanoke,,,,,
404,Drop off crates containing 10 Bottles of Milk in 6 locations.,,,,,
405,Bring 2 Duck Carcasses to the butcher in Wapiti Village,,,,,
406,Deliver 20 units of Chopped Wood to Brittlebush Trawl,,,,,
407,Bring 4 good or perfect Deer Hides to Armadillo Butcher,,,,,
408,Crates of 15 Bottles of Moonshine needed at 3 drop points,,,,,
409,Bring 2 Teeth to the Barber,,,,,
410,Deliver 100 units of Fluorite to Saint Denis,,,,,
411,Deliver 15 units of Chopped Wood to the Orange Grove in Bayou Nwa,,,,,
412,Bring 2 Skunk Carcasses to the butcher in Blackwater,,,,,
413,Bring 15 Old Fashioned's to the Rhodes Saloon,,,,,
414,15 Bitterweed to be brought to Armadillo Medical,,,,,
415,Deliver 5 Ram's Head Mushrooms to Valentine Medical,,,,,
416,Bring 5 Wisteria to Blackwater Medical,,,,,
417,Crates of 15 Bottles of Moonshine needed at 5 drop points,,,,,
418,Bring 1 Diamondback Snake Carcass to Blackwater,,,,,
419,4 customers from McFarlane's Ranch to Shady Belle are expecting Plank deliveries. ,,,,,
420,Deliver 20 units of Chopped Wood to Annesburg,,,,,
421,Deliver Ice Blocks to 5 Customers,,,,,
422,Deliver crates of 15 Milk Bottles to 5 destinations,,,,,
423,8 Customers are eagerly awaiting their Ice Block deliveries!,,,,,
424,Bring 2 Pheasant Carcasses to the Valentine Butcher,,,,,
425,Deliver 40 units of Raw Ammolite J.B. Brownlee Watchmakers in Saint Denis.,,,,,
426,Deliver 20 Bottles of Milk in crates to 4 customers. Last stop Colter.,,,,,
427,"Deliver Planks to Strawberry, Hanging Dog Ranch, and Colter!",,,,,
428,Bring 1 Diamondback Snake Carcass to Tumbleweed,,,,,
429,5 Violet Snowdrops needed at Strawberry Medical Office,,,,,
430,Bring 8 Burdock Root to the Strawberry Medical Office,,,,,
431,Bring 1 Black-Tailed Rattlesnake Carcass to the butcher in Armadillo,,,,,
432,Crates of 10 bottles of Moonshine each to be dropped of at 5 separate locations,,,,,
433,Bring 2 Striped Skunk Carcasses to the butcher in Strawberry,,,,,
434,Bring 2 good or perfect Fox Pelts to Strawberry Butcher,,,,,
435,Bring 20 Oregano to Saint Denis Medical,,,,,
436,Deliver 10 glasses of Long Island Iced Tea to the Saloon in Tumbleweed,,,,,
437,Deliver 10 Cut Diamonds to J.B. Brownlee Watchmakers in Saint Denis.,,,,,
438,7 drops of Planks. Big Valley to the Roanoke Ridge,,,,,
439,Bring 2 American Muskrat Carcasses to the butcher in Butcher's Creek,,,,,
440,Deliver 20 units of Coal to Van Horn,,,,,
441,Deliver 20 units of Coal to Rhodes Station,,,,,
442,Please deliver 20 units of Chopped Wood in a Crate to 4 customers East of Strawberry.,,,,,
443,Deliver 15 crated Moonshine to 4 customers.,,,,,
444,20 Cardinal Flowers needed at Braithwaite Manor,,,,,
445,Bring 1 Opossum Carcass to the Butcher's Creek Butcher,,,,,
446,Deliver 5 Roasted Potatoes to the Mess Hall,,,,,
447,Bring 15 tumblers of Old Fashioned to the Rhodes Saloon,,,,,
448,Deliver 40 Flints to the Village of Wapiti,,,,,
449,Deliver 5 Servings of Carrot Cake to the Rhodes Church,,,,,
450,Deliver 10 Cut Rubies to J.B. Brownlee Watchmakers in Saint Denis.,,,,,
451,7 Golden Currants needed at Armadillo Medical Tents,,,,,
452,Deliver 10 crated Moonshine to 5 customers with haste!,,,,,
453,Deliver 30 units of Raw Ammolite to the Blackwater Gunstore,,,,,
454,Drop off crates with 10 Moonshine to 3 eagerly waiting customers,,,,,
455,Deliver 20 units of Coal to Annesburg Rail Yard,,,,,
456,Bring 4 American Ginseng to the Doc's Office,,,,,
457,"With Haste, Kindly Deliver 30 Units of Raw Ammolite to the Annesburg Gunsmith",,,,,
458,Deliver 10 servings of Long Island Iced Tea to the saloon in Tumbleweed,,,,,
459,Bring 2 Rabbit Carcasses to the butcher in Wapiti Village,,,,,
460,Deliver 10 servings of Long Island Iced Tea to the Bastille in Saint Denis,,,,,
461,15 American Ginseng to be delivered to Saint Denis Medical Office,,,,,
462,Deliver 4 Boiled Potatoes to the Mess Hall,,,,,
463,Bring 4 Pronghorn Deer Carcasses to Blackwater,,,,,
464,Bring 4 Beaver Carcasses to the Strawberry butcher,,,,,
465,Bring 10 Cut Sapphires to Rathskeller for trade,,,,,
466,Deliver 20 units of Chopped Wood to Blackwater,,,,,
467,Deliver 30 Dice to Benedict Point,,,,,
468,Deliver 2 Cow Carcasses to the Butcher in Saint Denis,,,,,
469,Deliver Ice Blocks to nine locations ending in Tumbleweed,,,,,
470,Deliver 10 Long Island Iced Teas to the Rhodes Parlour House,,,,,
471,Deliver 10 pieces of Chopped Wood to the Colter Freight Depot,,,,,
472,Deliver 10 Vials of Blood to the Abandoned Mansion,,,,,
473,Deliver 12 units of Chopped Wood to Valentine,,,,,
474,15 Bitterweed to be Brought to Armadillo Medical,,,,,
475,Deliver 10 units of Chopped Wood to Blackwater,,,,,
476,10 Servings of Cornbread needed at Rhodes Church,,,,,
477,Deliver Crates of 5 Bottles of Milk each to 4 customers.,,,,,
478,Deliver 20 crated Moonshine to 4 customers.,,,,,
479,5 Wild Mint needed at the Colter Saloon,,,,,
480,30 Bottles of Milk in Crates to be delivered to Strawberry and Colter,,,,,
481,Bring 4 Chickens to the butcher at Thieves' Landing,,,,,
482,Deliver 10 Units of Crated Coal to Four Locations from Don Julio to Blackwater,,,,,
483,Deliver Crates of 20 Coal each to 4 locations from Ambarino to Cumberland,,,,,
484,Deliver 10 Long Island Iced Teas to the Bastille in Saint Denis,,,,,
485,Bring 5 Agarita Wildflowers to the Strawberry Medical Office,,,,,
486,Bring 40 Toe Nails to the old hut in the Grizzlies,,,,,
487,Bring 4 Muskrat Carcasses to the butcher in Strawberry,,,,,
488,Bring 3 Cut Emeralds to Rathskeller,,,,,
489,Deliver 50 Ice Cubes to the Armadillo General Store,,,,,
490,Bring 10 Tumblers of Old Fashioned to the Saint Denis Sheriff Office,,,,,
491,Crates of 10 Bottles of Moonshine needed at 4 drop points,,,,,
492,Bring 3 Gila Monster Carcasses to the butcher in Tumbleweed,,,,,
493,5 Agarita Wildflower requested at Painted Sky Ranch,,,,,
494,Bring 5 Cut Diamonds to Plainview,,,,,
495,Deliver 15 pieces of Chopped Wood to Adler Ranch in North Ambarino,,,,,
496,Deliver 20 units of Raw Fluorite to Benedict Point,,,,,
497,Please deliver 10 bottles of the finest Milk to Adler Ranch in northern Ambarino.,,,,,
498,Offer 1 Blackberry at the Tower,,,,,
499,Five locations require delivery of Crates with 40 Coal each,,,,,
500,Deliver 20 Vials of Blood to Blackwater Medical,,,,,
501,Deliver 10 Flint to the Incinerator,,,,,
502,Please deliver crates of 20 units of Coal to 3 locations.,,,,,
503,Bring 3 Desert Iguana Carcasses to Armadillo,,,,,
504,Bring 10 Chanterelles to the House at Lake Don Julio,,,,,
505,Deliver 5 slices of Carrot Cake to the Rhodes Church,,,,,
506,Bring 4 Cat Carasses to Butcher Creek Village,,,,,
507,Bring 15 Cardinal Flowers to the Armadillo Medical Tents,,,,,
508,Deliver crates containing 10 Milk Bottles to six destinations.,,,,,
509,Bring 3 Whitetail Deer Carcasses to Butcher's Creek,,,,,
510,Deliver 3 Gold Bars to the Gaptooth Still,,,,,
511,40 Packets of ground Tobacco requested at Strawberry Freight Depot,,,,,
512,Bring 3 Chesapeake Bay Retriever Carcasses to the butcher in Saint Denis,,,,,
513,8 Yarrow to the Blackwater Medical Tents,,,,,
514,Bring 4 Rabbit Carcasses to the butcher in Blackwater,,,,,
515,Drop off crates with 10 Moonshine to 3 places. Valentine is the closest drop.,,,,,
516,Bring 10 Milkweeds to the Valentine Medical Office,,,,,
517,Bring 30 units of Flint to Benedict Point,,,,,
518,Deliver 20 Flints to the Village of Wapiti,,,,,
519,Bring 1 good or perfect Whitetail Buck Carcass to the butcher in Strawberry,,,,,
520,Crates of 10 Coal each going to Bacchus and Wapiti,,,,,
521,Deliver 30 Units of Raw Ammolite to the Valentine Gunsmith,,,,,
522,Deliver 5 bowls of Potato Soup to the Saloon in Tumbleweed,,,,,
523,Deliver Crates of 25 Coal each to 6 customers,,,,,
524,Deliver 30 units of Raw Fluorite to Riggs Station.,,,,,
525,Bring 10 Hummingbird Sage to the Blackwater Furniture Store,,,,,
526,Deliver 20 units of Coal to Emerald Station,,,,,
527,Bring 3 Deer Carcasses to the butcher in Wapiti Village,,,,,
528,Supply the Millesani Claim with 10 Torches.,,,,,
529,Bring 9 Cut Sapphires to Rathskeller,,,,,
530,Bring 10 Cardinal Flowers to Macfarlane Ranch,,,,,
531,Deliver 20 units of Coal to Cornwall Kerosene & Tar,,,,,
532,Deliver 60 units of Coal to Armadillo Train Station,,,,,
533,Bring 2 Desert Iguana Carcasses to Tumbleweed,,,,,
534,Crates of 20 Coal each to be dropped at 4 locations.,,,,,
535,Bring 5 Bowls of Peach Cobbler to Colter,,,,,
536,Bring 2 Desert Bighorn Ram Carcasses to Armadillo,,,,,
537,Deliver 5 pieces of Fry Bread to the Colter Saloon,,,,,
538,Drop off crates containing 5 Bottles of Milk to 5 locations,,,,,
539,Bring 4 Muskrat Carcasses to the butcher in Rhodes,,,,,
540,40 Packets of ground Tobacco needed at Valentine Freight Depot,,,,,
541,Bring 10 Servings of French Bread to the Saint Denis Soup Kitchen,,,,,
542,Bring 2 Ram Carcasses to the butcher in Colter,,,,,
543,Bring 10 Cut Rubies to Plainview,,,,,
544,Deliver 30 bottles of Moonshine to a Valentine Saloon,,,,,
545,Deliver crates containing 10 Milk Bottles to three destinations.,,,,,
546,Deliver 20 Flint to the Village of Wapiti,,,,,
547,Deliver 10 Desert Sage to the Saint Denis Greenhouse,,,,,
548,Deliver 10 Crated Chopped Wood to Four locations starting at Beechers Hope.,,,,,
549,Deliver 60 Rolled Cigarettes to the Saloon in Tumbleweed,,,,,
550,Deliver 30 Dice to the Blackwater Saloon,,,,,
551,Bring a Panther Carcass to Saint Denis,,,,,
552,Bring 4 good or perfect Deer Hides to the Colter Butcher,,,,,
553,Bring 10 Black Currants to the Rhodes Medical Office,,,,,
554,Deliver Crates of 30 Coal each to 6 customers,,,,,
555,Deliver 20 Crated Coal to 3 Customers from the Heartlands to Big Valley,,,,,
556,Drop off crates with 15 Moonshine to 2 waiting customers,,,,,
557,Bring 4 Cut Diamonds to Mount Hagen,,,,,
558,Travel to Ridgewood Farm and help out with chores.,,,,,
559,Deliver 5 Pieces of Junk to the Incinerator,,,,,
560,Delivery crates of 48 Cigars to 2 customers in Blackwater and Tumbleweed.,,,,,
561,Bring 3 Perfect Deer Carcasses to the butcher in Strawberry,,,,,
562,Deliver 12 Parasol Mushrooms to the back door of the Blackwater Restaurant,,,,,
563,Bring 3 Whitetail Deer Carcasses to Thieves Landing,,,,,
564,Bring 40 Teeth to the Old Hut in the Grizzlies,,,,,
565,Deliver 10 bottles of Moonshine in crates to 5 customers,,,,,
566,Deliver 60 units of Coal to Benedict Point,,,,,
567,Bring 4 Pronghorn Carcasses to Strawberry Butcher,,,,,
568,Deliver 15 bottles of Moonshine to Roanoke Ridge,,,,,
569,Deliver 30 bottles of Moonshine to Bacchus Station,,,,,
570,Deliver 30 bottles of Moonshine to the Annesburg Docks,,,,,
571,Bring 3 Beaver carcasses to the Strawberry butcher,,,,,
572,Deliver 15 units of Chopped Wood to Strawberry,,,,,
573,8 Alaskan Ginseng needed at Rhodes Medical Office,,,,,
574,15 Glasses of Lemonade are needed at the Tumbleweed General Store,,,,,
575,Deliver 8 Prairie Poppies to Beecher's Hope,,,,,
576,Five customers are awaiting delivery of crates of 10 Moonshine each,,,,,
577,Bring 3 Pronghorn Carcasses to the butcher in Valentine,,,,,
578,Deliver 60 units of Coal to Macfarlane Station,,,,,
579,Deliver 10 Servings of Long Island Iced Tea to the Saloon in Tumbleweed,,,,,
580,Deliver 5 Sweet Potatoes to the Mess Hall,,,,,
581,Bring 1 Perfect Cougar Pelt to the butcher in Strawberry,,,,,
582,Bring 3 Whitetail Deer Carcasses to the Valentine Butcher,,,,,
583,Deliver 20 units of Coal to Saint Denis,,,,,
584,Deliver 20 units of Coal to Roanoke Rail Construction,,,,,
585,Bring 2 Duck Carcasses to the butcher in Saint Denis,,,,,
586,10 Parasol Mushrooms requested at Saint Denis Medical,,,,,
587,Bring 4 Coyote Carcasses to the Strawberry Butcher,,,,,
588,Deliver 3 Burned Potatoes to Hotbox 3,,,,,
589,Bring 3 Whitetail Deer Carcasses to the Blackwater Butcher,,,,,
590,Bring 2 Pronghorn Carcasses to the butcher at Valentine,,,,,
591,Bring 5 Hot Ale Flips to the Colter Saloon,,,,,
592,5 Agarita Wildflower needed at the Emerald Speakeasy,,,,,
593,Bring 1 Rabbit and 1 Deer Carcass to the butcher in Strawberry,,,,,
594,Bring 3 Torches to the Inner Barn,,,,,
595,Deliver 20 Oranges to Valentine,,,,,
596,Deliver 20 Flint to the Gunsmith in Armadillo,,,,,
597,Bring 40 Teeth to the old hut in the Grizzlies,,,,,
598,Bring 4 Coyote Carcasses to the Tumbleweed Butcher,,,,,
599,Deliver 1 stick of Dynamite to the canyons of Hennigan's Stead,,,,,
600,Bring 10 Wild Rhubarb to Valentine Medical Office,,,,,
601,Bring 40 Toe Nails to the Old Hut in the Grizzlies,,,,,
602,5 Agarita Wildflowers needed at the Emerald Speakeasy,,,,,
603,Deliver 30 units of coal in crates to 4 locations,,,,,
604,Travel to Downes Ranch and help out with chores.,,,,,
605,15 Servings of Lemonade NEEDED at the Tumbleweed General Store,,,,,
606,Bring 3 Whitetail Deer Carcasses to the Strawberry Butcher,,,,,
607,Deliver 5 Servings of Potato Soup to the saloon in Tumbleweed,,,,,
608,Bring 20 Potatoes to the Arrival Dock,,,,,
609,Deliver 30 Units of Raw Ammolite to the Blackwater Gunstore,,,,,
610,Bring a Cougar Carcass to Saint Denis,,,,,
611,Macfarlane's Ranch has work for you to complete.,,,,,
612,Deliver 5 bottles of Moonshine to the house at Lake Don Julio,,,,,
613,Deliver 30 oranges to the general store in Blackwater,,,,,
614,Bring 10 Wild Rhubarbs to Valentine Medical Office,,,,,
615,Deliver 5 Wild Feverfew to the Rhodes Medical Office,,,,,
616,Bring 4 Coyote Carcasses to the Rhodes Butcher,,,,,
617,Deliver 20 Oregano to the Tumbleweed General Store,,,,,
618,Deliver 2 Torches to the Incinerator,,,,,
619,Deliver 10 glasses of Long Island Iced Tea to the Rhodes Parlour House,,,,,
620,Deliver 60 ROLLED CIGARETTES to the Saloon in Tumbleweed,,,,,
621,Deliver 2 Gold Bars to the Abandoned Mansion near Van Horn,,,,,
622,Bring 4 good or perfect Deer Hides to the Strawberry Butcher,,,,,
623,Deliver 5 Strong Carnivore Baits to Manzanita Post,,,,,
624,Bring 4 Small Gator Carcasses to the butcher in Rhodes,,,,,
625,Bring 10 Cut Rubies to Butcher's Creek,,,,,
626,Deliver 15 bottles of Moonshine to a basement in Benedict Point,,,,,
627,Deliver 15 Vials of Blood to the Saint Denis Medical Office.,,,,,
628,Deliver 35 bottles of Moonshine to Gaptooth Mine,,,,,
629,Bring 2 Pronghorn Deer Carcasses to Armadillo Butcher,,,,,
630,Please deliver 10 bottles of the finest milk to Adler Ranch in northern Ambarino.,,,,,
631,10 Potatoes needed at Fort Wallace posthaste!,,,,,
632,Deliver 10 bottles of Moonshine to Quaker's Cove,,,,,
633,Deliver 15 Vials of Blood to Blackwater Medical,,,,,
634,Bring 5 Chickens to the butcher in Saint Denis,,,,,
635,Crates of 30 Coal needed at 5 Locations,,,,,
636,Deliver 10 units of Coal in crates to 2 customers,,,,,
637,Deliver 10 Vials of Blood to the strange shack in the East Grizzlies.,,,,,
638,10 Texas Bluebonnets requested at Caliga Hall,,,,,
639,Dump 10 Dirt and Pebbles in the Graveyard,,,,,
640,Crates of 20 units of Coal each to be delivered to Quaker's Cove and Manzanita Post,,,,,
641,Deliver 15 units of Crated Coal to 4 locations across New Austin,,,,,
642,Travel to Maclean's Ranch and help out with chores.,,,,,
643,Bestow 1 Bible to the Outer Barn,,,,,
644,Bring 10 Chanterlle to the House at Lake Don Julio,,,,,
645,Deliver 5 bottles of Moonshine to Flatneck Station,,,,,
646,Crates of 10 Bottles of Moonshine needed at 5 Drop Points,,,,,
647,Bring 4 Coyote Carcasses to the Armadillo Butcher,,,,,
648,Deliver Crates of 40 Coal each to 5 locations from Blackwater to northern Ambarino.,,,,,
649,Bring 3 Pronghorn Carcasses to the Butcher in Thieves Landing,,,,,
650,5 Pieces of Indian Tobacco needed at Armadillo Depot,,,,,
651,Bring 1 Snapping Turtle to the butcher in Saint Denis,,,,,
652,Bring 5 Potatoes to the Graveyard,,,,,
653,Deliver 2 Alpine Goat carcasses to the butcher in Butcher's Creek,,,,,
654,Deliver 10 bottles of crated Moonshine to 5 locations from north to south.,,,,,
655,7 Golden Currant Needed at Armadillo Medical Tents,,,,,
656,Deliver 10 English Mace to the Rhodes Medical Office,,,,,
657,Bring 5 Potatoes to the Arrival Dock,,,,,
658,Deliver 10 bottles of Moonshine to the lab in Roanoke,,,,,
659,Bring 20 Sticks to the Incinerator,,,,,
660,Bring 1 Perfect Cougar Pelt to the butcher in Armadillo,,,,,
661,Bring 4 Pig Carcasses to the butcher in Strawberry,,,,,
662,Deliver a Crate with 20 Coal to 6 separate locations across Ambarino.,,,,,
663,Deliver 15 Vials of Blood to the Laboratory in Roanoke,,,,,
664,Drop off crates containing 30 Coal to 6 customers from the Plains to Roanoke.,,,,,
665,Deliver 10 crated Moonshine to 5 customers.,,,,,
666,Deliver 30 Dice to the saloon north of Emerald Ranch,,,,,
667,Haul 20 units of Coal to the undertaker in Rhodes,,,,,
668,Crates of 20 Coal each needed at 6 locations,,,,,
669,Deliver 40 Flint to the Blackwater construction site,,,,,
670,Deliver 10 bottles of Moonshine to Hanging Dog,,,,,
671,Deliver 60 Rolled Cigarettes in crates to 4 customers.,,,,,
672,Bring 4 Small Gator Carcasses to the butcher in Saint Denis,,,,,
673,Bring 3 Bison Pelts to the butcher in Rhodes,,,,,
674,Deliver 30 bottles of Moonshine to Le Lion D'or in Saint Denis.,,,,,
675,Deliver a Crate with 20 Coal to Butcher's Creek and the Saint Denis Docks,,,,,
676,Deliver 5 bottles of Moonshine to Dakota Ranch,,,,,
677,"Deliver 40 units of Crated Coal to Valentine, Strawberry, Manzanita, and Armadillo.",,,,,
678,Bring 1 Rabbit & 1 Deer Carcass to the butcher in Saint Denis,,,,,
679,2 Drop-Offs of 20 crated coal each.,,,,,
680,Deliver 10 bottles of Moonshine to Bacchus Station,,,,,
681,Bring 10 Potatoes to the Arrival Dock,,,,,
682,Bring 2 Rabbit Carcasses to the butcher in Saint Denis,,,,,
683,Bring 10 Wild Rhubarb to the Valentine Medical Office,,,,,
684,Deliver 5 bowls of Potato Soup to the saloon in Tumbleweed,,,,,
685,Travel to Beecher's Hope and help out with chores.,,,,,
686,Bring 5 bowls of Peach Cobbler to the Colter Saloon,,,,,
687,Deliver 8 Grilled Bananas to the Fortune Teller,,,,,
688,Deliver 20 Oranges to Smithfield's in Valentine,,,,,
689,Deliver a Crate with 100 units of Coal to 2 locations.,,,,,
690,Crates with 25 Coal each to be delivered to 3 customers,,,,,
691,Deliver 10 bottles of Moonshine to Cholla Spings,,,,,
692,Bring 4 Rabbit Carcasses to the butcher in Valentine,,,,,
693,Deliver 15 bottles of Moonshine to the Colter Saloon,,,,,
694,Deliver 10 Worms to the Mess Hall,,,,,
695,40 Pieces of Tobacco to be brought to Blackwater Freight Depot,,,,,
696,The Parlour House in Rhodes seeks delivery of 20 oranges,,,,,
697,Deliver 25 oranges to Annesburg,,,,,
698,Bring 2 Fox Carcasses to Rhodes,,,,,
699,20 Units of Coal in Crates to be delivered to 4 customers from Saint Denis to Big Valley,,,,,
700,Deliver 20 crated coal to 6 businesses and homes,,,,,
701,Deliver 15 bottles of Moonshine to Saint Denis,,,,,
702,Deliver 5 Violet Snowdrops to the Sain Denis Greenhouse,,,,,
703,Deliver 30 pieces of Flint to the hunters at Manzanita Post.,,,,,
704,Bring 2 Muskrat Carcasses to the butcher in Valentine,,,,,
705,Bring 3 Whitetail Deer Carcasses to Butcher's Creek Butcher,,,,,
706,Crates with 25 Coal each to be delivered to 3 customers in the South,,,,,
707,Bring 2 Pronghorn Carcasses to Valentine,,,,,
708,5 Pieces of Indian Tobacco to be brought to Annesburg Depot,,,,,
709,Bring 5 Bowls of Peach Cobbler to the Colter Saloon,,,,,
710,100 Rolled Cigarettes in crates to be delivered to 2 customers,,,,,
711,Deliver 10 glasses of Long Island Iced Tea to the saloon in Tumbleweed,,,,,
712,Bring 1 Rabbit & 1 Deer Carcass to the butcher in Butcher's Creek,,,,,
713,Deliver 20 bottles of Moonshine to Rhodes,,,,,
714,5 Agarita Wildflowers requested at Painted Sky Ranch,,,,,
715,"Drop off crates of 20 coal to customers in Lagras, Caliga Hall, and Braithwaite Manor",,,,,
716,Bring 3 Perfect Deer Carcasses to the butcher in Rhodes,,,,,
717,Deliver 30 oranges to the general store in Valentine,,,,,
718,5 Pieces of Indian Tobacco to be brought to Saint Denis Docks,,,,,
719,Crates with 30 Coal each to be delivered to 6 locations,,,,,
720,Bring 2 Pronghorn Carcasses to the Valentine Butcher,,,,,
721,Crates of 40 units of Coal each to be delivered 4 locations. Last stop Colter.,,,,,
722,Bring 5 Pronghorn Carcasses to the Blackwater Butcher,,,,,
723,Bring 3 Whitetail Deer Carcasses to the Rhodes Butcher,,,,,
724,Haul 20 units of Coal to Doyle's Tavern in Saint Denis,,,,,
725,Deliver 1 Alpine Goat carcass to the butcher in Armadillo.,,,,,
726,Deliver 15 bottles of Moonshine to Twin Rocks,,,,,
727,Travel to Hill Haven Ranch and complete chores.,,,,,
728,Deliver 15 bottles of Moonshine to the hoggery.,,,,,
729,Haul 20 units of Coal to the church in Valentine,,,,,
730,15 Glasses of Lemonade are needed at the Armadillo General Store,,,,,
731,Deliver 5 bottles of Moonshine to Annesburg,,,,,
732,Drop off crates of 15 Moonshine in 5 locations.,,,,,
733,Crates with 40 Coal each to be delivered to 8 customers,,,,,
734,Deliver 6 Medical Bags to Aguasdulces Circle,,,,,
735,Deliver 5 bottles of Moonshine to Adler Ranch,,,,,
736,Bring 10 Milkweed to the Valentine Medical Office,,,,,
737,Bring 10 Thyme to the Bayou out in Lakay,,,,,
738,Deliver 5 bottles of Moonshine to Cholla Springs,,,,,
739,Deliver 20 units of coal in crates to 4 customers around Cumberland,,,,,
740,Deliver 30 Bandages to the Smoking Bunker,,,,,
741,Deliver crates of 10 Moonshine each to five customers,,,,,
742,Deliver 4 Pronghorn Carcasses to the Armadillo butcher. Quality doesn't matter.,,,,,
743,Deliver 20 units of coal to Valentine,,,,,
744,Help with chores at Macfarlane's Ranch.,,,,,
745,15 Servings of Lemonade are needed at the Armadillo General Store,,,,,
746,Bring 4 Machetes to the Colosseum,,,,,
747,Deliver 15 bottles of Moonshine just north of Strawberry.,,,,,
748,Deliver 30 Bandages to the Colosseum,,,,,
749,Crates of 40 Rolled Cigarettes each needed for 3 merchants,,,,,
750,Crates of 20 Coal each to be dropped at 3 locations.,,,,,
751,Deliver 5 Bibles to Butcher's Creek,,,,,
752,Bring 12 Gun Oil to the Banana Fields Storage,,,,,
753,40 Pieces of ground Tobacco requested at the Strawberry Freight Depot,,,,,
754,Bring 40 toe nails to the old hut in the Grizzlies,,,,,
755,Deliver 20 Flints to the village of Wapiti,,,,,
756,Deliver 60 Rolled Cigarettes to the saloon in Tumbleweed,,,,,
757,Deliver 12 Cooked Sausages to the Lemon Fields,,,,,
758,Bring 200 rounds of Handgun Ammo to the Arms Dealer Tent,,,,,
759,Deliver 30 Oranges to the Saint Denis Docks,,,,,
760,Deliver 10 bottles of Moonshine to the homestead at Brandywine,,,,,
761,Deliver 60 Rolled Cigarettes to the Valentine General Store,,,,,
762,Deliver 30 bottles of Moonshine to the Jade Dragon Restaurant Backdoor,,,,,
763,Offer 10 Bird Feathers at La Madre's Shrine,,,,,
764,Deliver 5 bottles of Moonshine to Cholla Spings,,,,,
765,Deliver 15 bottles of Moonshine to The Anna Nash at the Saint Denis docks,,,,,
766,Deliver 20 Oranges to the Saint Denis Market,,,,,
767,Deliver 20 crated Coal to 5 locatons. Final stop is Strawberry.,,,,,
768,Deliver 15 bottles of Moonshine to Hanging Dog,,,,,
769,Offer 10 Lemons at La Madre's Shrine,,,,,
770,Deliver 15 bottles of Moonshine to the circus outside Armadillo,,,,,
771,Travel to Hill Haven Ranch and complete five chores.,,,,,
772,Deliver 5 bottles of Moonshine to a Valentine Saloon,,,,,
773,Deliver 20 Oranges to the Saint Denis Cathedral,,,,,
774,Deliver 6 Caribbean Rum to the Painter's House,,,,,
775,Deliver 20 bottles of Moonshine to Twin Rocks,,,,,
776,20 Bananas needed at the Port Produce Tent,,,,,
777,Deliver 100 Rolled Cigarettes to the Saloon in Blackwater,,,,,
778,Bring 20 Rolled Cigarettes to Doctor's Office,,,,,
779,Crates with 20 Coal each to be delivered to 11 customers. Last stop Tumbleweed,,,,,
780,Bring 12 Cigars to the Waterfall Saloon,,,,,
781,Bring 4 Camp Fire Kits to the Bungalows,,,,,
782,Deliver 15 bottles of Moonshine to Shady Belle,,,,,
783,Deliver 25 Oranges to the general store in Rhodes,,,,,
784,Deliver 15 bottles of Moonshine to the smugglers at the Sea of Coronado,,,,,
785,Bring 15 Bananas to the Donkey Barn,,,,,
786,Deliver 8 Lemonade to the Compound Armory,,,,,
787,Bring 5 Vials of Blood to the Courtchurch,,,,,
788,Bring 20 Oregano leaves to Saint Denis Medical,,,,,
789,Deliver 5 Pirate Rum to the Poker Pirateship,,,,,
790,Travel to Ridgewood Farm and help out.,,,,,
791,Bring 15 Popcorn to the Colosseum,,,,,
792,Crates of 10 Bottles of Moonshine needed at 5 drop points,,,,,
793,20 Lemons needed at the Port Produce Tent,,,,,
794,Deliver 30 Sugar Cane to the Mountain-top Hermit House,,,,,
795,"Deliver a Crate with 20 Coal to Rhodes, Dewberry Creek, and Emerald.",,,,,
796,Bring 3 Notebooks to the TIcket Booth at the Port,,,,,
797,Deliver 8 Bowls of Fish Stew to the Bungalows,,,,,
798,Deliver 12 Lemonade to the Waterfall Saloon,,,,,
799,Deliver 15 bottles of Moonshine to Plainview,,,,,
800,Bring 5 Torches to the Fortress,,,,,
801,50 bottles of Cane Syrup are needed at the Port Docks,,,,,
802,Deliver 15 Cooked Succulent Fish to the Sandcastle Restauraunt ,,,,,
803,Bring 3 Pig Carcasses to the butcher at Thieves' Landing,,,,,
804,Bring 5 Pirate Rum to the Mountain-Top Overlook Camp,,,,,
805,Bring 10 Cornmeal to the Birdhunter Tent,,,,,
806,20 Coal are needed at the Port Docks,,,,,
807,Deliver 5 Pirate Rum to the Central Ruins Hideout,,,,,
808,Bring 12 Cigars to the Barber at the Port,,,,,
809,10 Tobacco Leaves desperately needed at the North Island Overlook,,,,,
810,Deliver 5 Medical Bags to the North Island Boat Launch,,,,,
811,40 Pieces of ground Tobacco needed at Valentine Freight Depot,,,,,
812,Deliver 10 bottles of Moonshine to Shady Bell,,,,,
813,Bring 20 Ground Tobacco to the Supply Store,,,,,
814,Deliver 10 Fish Tacos to La Playa Town Center,,,,,
815,Deliver 10 Slow-Cooked Kebabs to the Sandcastle Restauraunt ,,,,,
816,Deliver 10 bottles of Moonshine to the Annesburg Docks,,,,,
817,Bring 3 Sheep Carcasses to the butcher in Butcher's Creek,,,,,
818,Bring 3 Poor Quality Crabs to the Butcher at the Port,,,,,
819,Bring 30 Sugar Cane to the Moonshine Hut on the North Island,,,,,
820,Bring 20 Coal to the Waterside Cliff Banker Boat,,,,,
821,Carry 40 Flint to the Writer's Tent,,,,,
822,Bring 20 Lemons to the beach Fishing Hut,,,,,
823,Bring 10 Torches to the North Explorer Tent,,,,,
824,Bring 5 bottles of Moonshine to the Overlook Tent,,,,,
825,Deliver 30 Corn to the Courtchurch Kitchen,,,,,
826,Bring 25 Sugar Cubes to the Palmist Beach Restaurant,,,,,
827,Bring 10 Corn to the Donkey Barn,,,,,
828,Deliver 10 bottles of Moonshine to the Jade Dragon Restaurant Backdoor,,,,,
829,Help out with chores at Emerald Ranch,,,,,
830,Help out with chores at Pronghorn Ranch.,,,,,
831,Deliver 10 crated Moonshine to 4 customers,,,,,
832,Deliver 20 bottles of Moonshine to the gunsmith in Annesburg,,,,,
833,Help out with chores at Emerald Ranch.,,,,,
834,Deliver 5 bottles of Moonshine to the Colter,,,,,
835,Travel to Downes Ranch and help out with a day's worth of chores.,,,,,
836,Deliver 15 bottles of Moonshine to Adler Ranch,,,,,
837,Deliver 10 bottles of Moonshine to the construction site in Blackwater,,,,,
838,Deliver 10 bottles of Moonshine to Lagras,,,,,
